location_name,Walmart Supercenter,Super Saver,Russ's Market,Hy-Vee,Hy-Vee,Russ's Market,Whole Foods Market,Trader Joe's,Super Saver,Super Saver,Hy-Vee,Walmart Supercenter,Russ's Market,Super Saver,ALDI,Super Saver,Walmart Supercenter,Hy-Vee,Hy-Vee,Walmart Supercenter,Russ's Market,Walmart Supercenter,ALDI,Russ's Market,Russ's Market,Total
31001965600,NA,NA,NA,NA,NA,NA,NA,NA,NA,NA,NA,NA,NA,NA,NA,NA,NA,NA,NA,4,NA,NA,NA,NA,NA,4
31001965900,NA,NA,NA,NA,NA,NA,NA,NA,NA,NA,NA,4,NA,NA,NA,NA,NA,NA,NA,NA,NA,NA,NA,NA,NA,4
31013951200,NA,NA,NA,NA,NA,NA,NA,NA,NA,NA,NA,NA,NA,NA,NA,4,NA,NA,NA,NA,NA,NA,NA,NA,NA,4
31019969100,NA,NA,4,NA,NA,NA,NA,NA,NA,NA,NA,NA,NA,NA,NA,NA,NA,NA,NA,NA,NA,NA,NA,NA,NA,4
31019969202,5,NA,NA,NA,NA,NA,NA,NA,NA,NA,NA,NA,NA,NA,NA,NA,NA,NA,NA,NA,NA,NA,NA,NA,NA,5
31019969300,NA,NA,NA,NA,NA,NA,NA,NA,NA,NA,NA,NA,NA,NA,NA,NA,NA,NA,NA,NA,NA,4,NA,NA,NA,4
31019969400,NA,NA,NA,NA,NA,NA,NA,NA,NA,NA,NA,NA,NA,NA,NA,NA,NA,NA,NA,4,NA,NA,NA,NA,NA,4
31019969600,NA,NA,NA,NA,NA,NA,NA,NA,NA,NA,NA,NA,NA,NA,NA,NA,NA,NA,NA,NA,NA,4,NA,NA,NA,4
31023967600,NA,NA,NA,NA,NA,NA,4,NA,NA,NA,NA,NA,NA,NA,NA,NA,NA,NA,NA,4,NA,NA,NA,NA,NA,8
31023967700,NA,NA,NA,NA,NA,NA,NA,NA,6,NA,NA,4,4,NA,NA,NA,NA,NA,NA,4,NA,NA,NA,NA,NA,18
31023967800,NA,NA,NA,NA,NA,NA,NA,NA,8,NA,NA,NA,NA,NA,NA,NA,6,NA,NA,8,NA,4,NA,NA,NA,26
31025965600,NA,NA,NA,NA,NA,NA,4,NA,NA,NA,NA,NA,NA,NA,NA,NA,NA,NA,NA,NA,NA,NA,NA,NA,NA,4
31025965700,NA,4,NA,NA,NA,4,NA,NA,4,NA,NA,NA,NA,NA,NA,NA,NA,NA,NA,4,4,NA,NA,NA,4,24
31025965800,NA,NA,NA,4,NA,NA,NA,NA,4,NA,NA,76,4,4,4,NA,4,5,NA,15,NA,22,NA,NA,22,164
31025965900,NA,9,NA,4,4,NA,5,NA,NA,NA,6,76,4,NA,10,NA,NA,14,12,7,10,60,NA,NA,5,226
31025966000,NA,NA,NA,NA,NA,NA,NA,4,NA,NA,NA,NA,NA,NA,4,NA,NA,NA,NA,4,NA,NA,NA,4,NA,16
31025966100,NA,NA,NA,NA,NA,NA,NA,NA,NA,NA,NA,NA,NA,NA,NA,NA,NA,NA,NA,5,NA,NA,NA,NA,NA,5
31035962100,NA,NA,NA,NA,NA,NA,NA,NA,NA,NA,NA,NA,NA,NA,NA,NA,NA,NA,NA,4,NA,NA,NA,NA,NA,4
31035962200,4,NA,4,NA,NA,NA,NA,NA,NA,NA,NA,NA,NA,NA,NA,NA,NA,NA,NA,NA,NA,NA,NA,NA,NA,8
31037964800,NA,NA,NA,NA,NA,NA,NA,NA,NA,NA,NA,NA,NA,NA,NA,NA,NA,NA,NA,4,NA,NA,NA,NA,NA,4
31039972700,NA,NA,NA,NA,NA,NA,NA,NA,4,NA,NA,NA,NA,NA,NA,NA,NA,NA,NA,4,NA,NA,NA,NA,NA,8
31047968100,4,NA,NA,NA,NA,NA,NA,NA,NA,NA,NA,NA,NA,NA,NA,NA,NA,NA,NA,NA,NA,NA,NA,NA,NA,4
31047968200,NA,NA,NA,NA,NA,NA,NA,NA,NA,NA,NA,NA,NA,NA,NA,NA,4,NA,NA,4,NA,NA,NA,NA,NA,8
31047968500,NA,NA,NA,NA,NA,NA,NA,4,NA,NA,NA,NA,NA,NA,NA,NA,NA,NA,NA,NA,NA,NA,NA,NA,NA,4
31053963600,NA,NA,NA,NA,NA,NA,NA,NA,4,NA,NA,4,NA,NA,NA,NA,NA,NA,NA,NA,NA,NA,NA,NA,NA,8
31053963900,NA,NA,NA,NA,NA,NA,NA,NA,NA,NA,NA,NA,NA,NA,NA,NA,NA,NA,NA,4,NA,NA,NA,NA,NA,4
31053964100,NA,NA,NA,NA,NA,NA,NA,NA,4,NA,NA,NA,NA,NA,NA,NA,NA,NA,NA,NA,NA,NA,NA,NA,NA,4
31053964300,NA,NA,NA,NA,NA,NA,NA,NA,NA,NA,NA,NA,NA,NA,NA,4,NA,NA,NA,NA,NA,NA,NA,NA,NA,4
31053964400,NA,NA,NA,NA,NA,NA,NA,NA,NA,NA,NA,NA,NA,NA,NA,NA,NA,NA,NA,4,NA,NA,NA,NA,NA,4
31055001800,NA,NA,NA,NA,NA,NA,4,NA,NA,NA,NA,NA,NA,NA,NA,NA,NA,NA,NA,NA,NA,NA,NA,NA,NA,4
31055002000,NA,NA,NA,NA,NA,NA,NA,NA,NA,NA,NA,4,NA,NA,NA,NA,NA,4,NA,NA,NA,NA,NA,NA,NA,8
31055002700,NA,NA,NA,NA,NA,NA,NA,NA,NA,NA,NA,4,NA,NA,NA,NA,NA,NA,NA,NA,NA,NA,NA,NA,NA,4
31055003000,4,NA,NA,NA,NA,NA,NA,NA,NA,NA,NA,NA,NA,NA,NA,NA,NA,4,NA,NA,NA,NA,NA,NA,NA,8
31055003600,NA,NA,NA,NA,NA,NA,NA,NA,NA,NA,NA,NA,NA,NA,NA,NA,NA,NA,NA,NA,NA,4,NA,NA,NA,4
31055003800,NA,NA,NA,NA,NA,NA,NA,NA,NA,NA,NA,NA,NA,NA,NA,4,NA,NA,NA,NA,NA,NA,NA,NA,NA,4
31055003900,NA,NA,NA,NA,NA,NA,NA,NA,NA,4,NA,NA,NA,NA,NA,NA,NA,NA,NA,NA,NA,NA,NA,NA,NA,4
31055004300,NA,NA,NA,NA,NA,NA,NA,NA,NA,NA,NA,NA,NA,NA,NA,NA,NA,4,NA,NA,NA,NA,NA,NA,NA,4
31055005300,NA,4,NA,NA,NA,NA,NA,NA,NA,NA,NA,4,NA,NA,NA,NA,NA,NA,NA,4,NA,NA,NA,NA,NA,12
31055005902,NA,NA,NA,NA,NA,NA,NA,NA,NA,NA,NA,NA,NA,NA,NA,NA,NA,NA,NA,4,NA,NA,NA,NA,NA,4
31055006506,NA,NA,NA,NA,NA,NA,NA,NA,NA,NA,NA,NA,NA,NA,NA,NA,NA,NA,4,NA,NA,NA,NA,NA,NA,4
31055006603,NA,NA,NA,NA,NA,NA,NA,NA,NA,NA,NA,NA,NA,NA,NA,NA,NA,NA,NA,4,NA,NA,NA,NA,NA,4
31055006704,NA,NA,NA,NA,NA,NA,NA,NA,NA,NA,NA,NA,NA,NA,NA,NA,NA,NA,NA,NA,NA,NA,NA,NA,4,4
31055007001,NA,NA,NA,NA,NA,NA,NA,NA,NA,NA,NA,5,4,NA,NA,NA,NA,NA,NA,NA,NA,NA,4,NA,NA,13
31055007304,NA,NA,NA,NA,NA,NA,NA,NA,NA,NA,NA,NA,NA,NA,NA,NA,NA,NA,NA,4,NA,NA,NA,NA,NA,4
31055007311,NA,NA,NA,NA,NA,NA,NA,NA,NA,NA,NA,NA,NA,NA,4,NA,NA,NA,NA,NA,NA,NA,NA,NA,NA,4
31055007316,NA,NA,NA,NA,NA,NA,NA,NA,NA,NA,NA,NA,NA,NA,NA,NA,NA,NA,NA,4,NA,NA,NA,NA,NA,4
31055007318,NA,NA,NA,NA,NA,NA,NA,NA,NA,NA,NA,4,NA,NA,NA,NA,NA,NA,NA,NA,NA,4,NA,NA,NA,8
31055007406,4,NA,NA,NA,NA,NA,NA,NA,NA,NA,NA,NA,NA,NA,NA,NA,NA,NA,NA,NA,NA,NA,NA,NA,NA,4
31055007407,4,NA,NA,4,NA,NA,NA,NA,NA,NA,4,4,NA,NA,NA,4,4,NA,NA,NA,NA,NA,NA,NA,NA,24
31055007432,NA,NA,NA,NA,NA,NA,NA,NA,NA,NA,NA,NA,NA,NA,NA,NA,NA,NA,NA,NA,4,NA,NA,NA,NA,4
31055007439,NA,NA,NA,NA,NA,NA,NA,NA,NA,NA,NA,NA,NA,NA,NA,NA,NA,4,NA,NA,NA,NA,NA,NA,NA,4
31055007444,4,NA,NA,NA,NA,NA,NA,NA,NA,NA,NA,NA,NA,NA,NA,NA,NA,NA,NA,NA,NA,NA,NA,NA,NA,4
31055007445,NA,NA,NA,NA,NA,NA,NA,NA,NA,NA,NA,NA,NA,NA,NA,NA,NA,NA,NA,4,NA,NA,NA,NA,NA,4
31055007447,NA,NA,NA,NA,NA,NA,NA,NA,NA,NA,NA,NA,NA,NA,NA,NA,NA,NA,NA,4,NA,NA,NA,NA,NA,4
31055007452,NA,NA,4,NA,NA,NA,NA,NA,NA,NA,NA,NA,NA,NA,NA,NA,NA,NA,NA,NA,NA,NA,NA,NA,NA,4
31055007453,NA,NA,NA,NA,NA,NA,NA,NA,NA,NA,NA,NA,NA,NA,NA,NA,NA,4,NA,NA,NA,NA,NA,NA,NA,4
31055007457,NA,NA,NA,NA,NA,NA,NA,NA,4,NA,NA,NA,NA,NA,NA,NA,NA,NA,NA,NA,NA,NA,NA,NA,NA,4
31055007458,NA,4,NA,NA,NA,NA,NA,NA,NA,NA,NA,NA,NA,NA,NA,NA,NA,NA,NA,NA,NA,NA,NA,NA,NA,4
31055007460,NA,NA,NA,NA,NA,NA,NA,NA,NA,NA,NA,NA,NA,NA,NA,NA,NA,NA,NA,4,NA,NA,NA,NA,NA,4
31055007462,NA,NA,NA,NA,NA,NA,NA,NA,NA,NA,NA,NA,NA,NA,NA,NA,NA,NA,4,NA,NA,NA,NA,NA,NA,4
31055007472,NA,NA,NA,NA,NA,NA,NA,NA,4,NA,NA,NA,NA,NA,NA,NA,NA,NA,NA,NA,NA,NA,NA,NA,NA,4
31055007506,NA,NA,NA,NA,NA,NA,NA,NA,NA,NA,NA,4,NA,NA,NA,NA,NA,NA,NA,NA,NA,NA,NA,NA,NA,4
31055007509,NA,NA,NA,NA,NA,NA,NA,NA,NA,NA,NA,NA,NA,4,NA,NA,NA,NA,NA,NA,NA,NA,NA,NA,NA,4
31055007513,NA,4,NA,NA,NA,NA,NA,NA,4,NA,NA,4,NA,NA,NA,NA,NA,NA,NA,NA,4,NA,NA,NA,NA,16
31059091600,13,NA,4,NA,NA,NA,NA,NA,NA,NA,4,NA,NA,NA,NA,NA,5,NA,NA,4,NA,NA,NA,NA,NA,30
31059091700,NA,NA,NA,NA,NA,NA,NA,NA,NA,NA,NA,NA,NA,NA,NA,NA,NA,NA,NA,4,NA,NA,NA,NA,NA,4
31061964700,NA,NA,NA,NA,NA,NA,NA,NA,NA,NA,NA,NA,NA,NA,NA,NA,NA,NA,NA,4,NA,NA,NA,NA,NA,4
31067964600,4,NA,4,NA,4,NA,NA,NA,NA,NA,4,NA,NA,NA,NA,5,22,NA,10,NA,4,58,4,5,NA,124
31067964700,14,NA,NA,NA,4,NA,NA,NA,NA,NA,NA,NA,NA,NA,NA,NA,34,NA,5,NA,NA,13,5,7,NA,82
31067964800,NA,4,NA,NA,4,NA,NA,NA,NA,NA,NA,6,NA,NA,NA,NA,5,NA,NA,7,NA,7,NA,4,NA,37
31067964900,NA,NA,NA,NA,NA,NA,NA,NA,NA,NA,NA,NA,NA,NA,NA,NA,7,NA,4,NA,NA,9,NA,NA,NA,20
31067965000,NA,4,NA,NA,NA,NA,NA,4,NA,NA,NA,NA,NA,NA,NA,NA,8,NA,NA,7,NA,7,NA,NA,NA,30
31067965100,NA,NA,NA,NA,NA,NA,NA,NA,NA,NA,NA,NA,NA,NA,NA,NA,4,NA,NA,NA,NA,9,NA,NA,NA,13
31067965200,NA,NA,NA,NA,NA,NA,NA,NA,NA,NA,4,4,NA,NA,NA,NA,NA,NA,NA,5,NA,4,NA,NA,NA,17
31079000400,NA,NA,NA,NA,NA,NA,NA,NA,NA,NA,NA,NA,NA,NA,NA,NA,NA,NA,NA,5,NA,NA,NA,NA,NA,5
31079000600,NA,NA,NA,NA,NA,NA,4,NA,NA,NA,4,NA,NA,NA,NA,NA,4,NA,NA,NA,NA,NA,NA,NA,NA,12
31079001300,NA,NA,4,NA,NA,NA,NA,NA,NA,NA,NA,NA,NA,NA,NA,NA,NA,NA,NA,NA,NA,NA,NA,NA,NA,4
31081969200,NA,NA,NA,NA,NA,NA,NA,NA,NA,NA,NA,4,NA,NA,NA,NA,NA,NA,NA,NA,NA,NA,NA,NA,NA,4
31089974300,NA,NA,NA,NA,NA,NA,NA,NA,NA,NA,NA,NA,NA,NA,NA,NA,NA,NA,NA,4,NA,NA,NA,NA,NA,4
31095963600,5,NA,NA,NA,4,NA,NA,NA,NA,NA,NA,NA,NA,NA,NA,NA,4,NA,NA,NA,NA,4,NA,NA,NA,17
31095963700,NA,NA,NA,NA,NA,NA,NA,NA,NA,NA,NA,4,NA,NA,NA,NA,NA,NA,NA,NA,NA,NA,4,NA,NA,8
31097967500,NA,NA,NA,NA,NA,NA,NA,NA,NA,NA,4,4,NA,NA,4,5,6,NA,8,NA,NA,52,NA,NA,NA,83
31097967600,4,NA,NA,NA,NA,NA,NA,NA,NA,NA,NA,4,NA,NA,5,NA,4,NA,5,NA,NA,49,NA,NA,NA,71
31107976200,NA,NA,NA,NA,NA,4,NA,NA,NA,4,NA,NA,4,NA,NA,NA,NA,NA,NA,NA,NA,NA,NA,NA,NA,12
31109000100,NA,10,NA,4,NA,NA,NA,NA,5,NA,5,88,66,10,5,NA,6,5,4,40,4,10,4,4,NA,270
31109000201,NA,25,4,5,NA,NA,4,NA,4,NA,28,113,65,11,9,NA,14,16,6,35,16,21,NA,4,4,384
31109000202,NA,29,NA,5,NA,NA,4,NA,5,NA,19,76,16,15,6,NA,4,7,NA,35,4,15,NA,NA,4,244
31109000300,NA,20,NA,NA,NA,NA,NA,NA,4,NA,12,39,9,17,4,NA,9,NA,NA,44,4,5,NA,NA,NA,167
31109000400,NA,24,5,6,NA,NA,5,NA,5,NA,12,20,6,38,8,NA,13,NA,NA,89,4,7,NA,NA,4,246
31109000500,NA,NA,NA,NA,NA,NA,4,NA,5,4,NA,4,NA,14,NA,NA,7,NA,NA,28,NA,NA,NA,NA,NA,66
31109000600,NA,4,NA,7,NA,NA,NA,NA,NA,NA,NA,4,NA,NA,NA,NA,NA,NA,4,13,NA,4,NA,NA,NA,36
31109000700,NA,9,4,4,NA,NA,NA,NA,NA,NA,9,7,NA,4,NA,NA,6,NA,4,19,NA,NA,NA,NA,NA,66
31109000800,NA,49,NA,4,NA,NA,NA,NA,NA,NA,19,20,NA,14,NA,NA,9,NA,NA,60,NA,4,NA,4,NA,183
31109000900,NA,41,NA,4,NA,NA,NA,NA,NA,NA,19,24,NA,NA,4,NA,5,4,NA,24,NA,5,5,NA,NA,135
31109001001,NA,30,NA,NA,NA,NA,NA,NA,NA,NA,16,61,14,6,9,NA,6,9,NA,25,14,6,NA,NA,NA,196
31109001002,NA,9,NA,NA,NA,NA,NA,NA,NA,NA,13,9,NA,NA,NA,4,4,NA,NA,6,4,4,NA,NA,NA,53
31109001003,NA,25,NA,NA,NA,NA,NA,NA,NA,NA,32,49,5,NA,7,NA,10,8,5,14,8,13,NA,NA,NA,176
31109001101,NA,15,NA,6,NA,NA,4,NA,4,NA,4,124,36,4,14,NA,9,47,6,22,11,30,NA,NA,NA,336
31109001102,NA,12,NA,NA,NA,NA,4,NA,4,NA,8,78,4,4,12,NA,7,30,NA,4,10,17,NA,NA,NA,194
31109001200,NA,32,NA,4,NA,NA,8,NA,4,NA,28,130,5,4,30,4,5,48,4,17,50,41,NA,4,4,422
31109001301,NA,13,NA,NA,NA,NA,10,4,NA,NA,29,23,NA,NA,9,NA,4,NA,9,5,31,26,4,NA,NA,167
31109001302,NA,5,NA,NA,NA,NA,NA,NA,NA,NA,7,11,NA,NA,4,4,4,NA,19,4,13,29,NA,NA,4,104
31109001400,4,55,NA,NA,NA,NA,7,NA,NA,4,48,27,4,4,8,NA,14,NA,5,20,13,32,NA,8,NA,253
31109001500,NA,31,9,NA,NA,NA,4,NA,4,NA,12,16,NA,4,11,11,19,NA,14,15,NA,43,4,4,NA,201
31109001600,4,44,5,4,4,NA,7,NA,4,NA,27,26,4,4,6,4,28,4,NA,41,4,32,6,NA,NA,258
31109001700,NA,18,8,4,4,27,NA,NA,4,NA,7,13,NA,7,4,NA,23,NA,5,60,4,23,NA,NA,NA,211
31109001800,NA,16,NA,4,NA,4,NA,NA,NA,NA,NA,7,NA,4,NA,NA,11,NA,NA,25,NA,4,4,NA,NA,79
31109001900,NA,NA,NA,NA,NA,NA,NA,NA,NA,NA,NA,4,NA,4,NA,NA,4,NA,NA,4,NA,NA,NA,NA,NA,16
31109002001,4,8,NA,4,NA,12,4,NA,NA,NA,5,NA,NA,4,NA,NA,17,NA,NA,22,NA,7,NA,NA,NA,87
31109002002,NA,12,NA,NA,NA,6,NA,NA,4,NA,NA,6,NA,5,NA,4,16,NA,NA,29,4,15,NA,NA,NA,101
31109002100,NA,8,4,4,4,5,NA,NA,NA,NA,4,9,NA,5,NA,4,7,NA,NA,21,NA,7,4,16,NA,102
31109002200,NA,15,13,NA,4,18,4,NA,4,NA,8,9,4,9,NA,4,42,NA,4,39,4,20,NA,13,NA,214
31109002300,NA,12,17,NA,NA,31,4,NA,NA,4,10,22,NA,6,4,NA,46,4,13,28,NA,35,4,6,NA,246
31109002400,NA,4,24,4,8,4,4,NA,NA,NA,4,5,NA,4,NA,NA,22,NA,4,8,NA,6,NA,NA,NA,101
31109002500,4,13,46,NA,7,NA,4,4,NA,NA,5,7,NA,NA,4,21,35,NA,15,8,4,60,5,4,NA,246
31109002701,NA,4,14,NA,NA,NA,5,NA,NA,4,8,7,NA,NA,4,17,30,NA,7,5,NA,35,4,NA,NA,144
31109002702,4,6,54,4,16,NA,NA,NA,NA,NA,5,9,NA,4,4,31,35,NA,26,4,NA,71,10,NA,NA,283
31109002800,NA,8,51,NA,7,7,4,NA,4,4,NA,4,NA,4,NA,4,67,4,6,23,4,27,5,4,NA,237
31109002900,NA,5,NA,39,NA,NA,NA,NA,14,NA,7,51,4,23,4,NA,7,4,6,120,4,4,NA,NA,NA,292
31109003001,NA,4,NA,59,NA,NA,7,NA,55,NA,8,31,NA,25,12,NA,13,NA,NA,165,NA,6,10,NA,NA,395
31109003002,4,NA,NA,9,NA,NA,4,NA,14,NA,NA,14,NA,14,4,NA,5,NA,NA,48,NA,8,4,NA,4,132
31109003003,NA,15,4,21,NA,NA,4,NA,8,NA,5,37,6,57,8,NA,7,NA,NA,116,NA,14,NA,4,NA,306
31109003102,4,12,8,33,4,NA,4,NA,207,NA,11,34,7,10,6,NA,11,NA,NA,137,NA,9,4,6,NA,507
31109003103,NA,8,NA,4,NA,NA,NA,NA,9,NA,NA,10,4,16,6,NA,6,4,NA,48,NA,6,NA,NA,NA,121
31109003104,4,9,NA,12,NA,NA,4,NA,43,NA,4,41,8,31,4,4,12,NA,4,103,4,15,NA,NA,NA,302
31109003202,NA,8,NA,10,4,NA,NA,NA,83,NA,NA,15,NA,4,NA,NA,14,NA,NA,61,NA,11,4,11,NA,225
31109003301,NA,11,4,7,NA,NA,NA,NA,6,NA,7,10,NA,8,4,NA,28,NA,NA,63,NA,9,4,15,NA,176
31109003302,7,7,5,27,4,NA,6,4,135,NA,11,44,4,5,4,4,44,NA,NA,118,NA,20,4,16,4,473
31109003401,4,5,8,9,NA,NA,5,NA,5,NA,4,6,NA,6,4,NA,56,NA,NA,30,4,23,9,113,4,295
31109003402,5,9,10,7,4,4,NA,NA,4,4,7,14,4,14,4,4,67,NA,6,59,NA,36,11,143,NA,416
31109003604,4,NA,5,NA,5,NA,NA,NA,4,6,NA,6,NA,NA,4,6,62,NA,NA,4,4,19,9,30,NA,168
31109003605,NA,NA,32,NA,11,NA,NA,NA,NA,4,NA,5,NA,NA,NA,4,90,NA,4,NA,NA,40,7,4,NA,201
31109003607,4,NA,NA,NA,21,4,NA,NA,NA,15,4,4,NA,4,NA,NA,137,NA,4,NA,NA,21,13,NA,NA,231
31109003608,NA,NA,NA,NA,5,NA,NA,NA,NA,4,NA,NA,NA,NA,NA,NA,30,NA,NA,5,NA,11,4,NA,NA,59
31109003609,NA,NA,11,NA,NA,NA,NA,NA,NA,4,NA,NA,NA,NA,NA,NA,40,NA,NA,NA,NA,4,NA,NA,NA,59
31109003704,NA,5,41,NA,23,NA,4,NA,NA,4,4,7,NA,NA,4,11,104,NA,5,13,NA,68,11,NA,NA,304
31109003706,4,5,NA,NA,NA,NA,4,NA,NA,NA,7,14,NA,NA,15,19,20,NA,88,4,9,77,4,4,NA,274
31109003707,NA,NA,14,NA,NA,4,10,NA,4,NA,NA,9,4,NA,5,28,15,4,107,4,6,127,8,NA,NA,349
31109003708,NA,NA,10,NA,16,NA,NA,4,NA,9,NA,NA,NA,NA,NA,5,60,NA,4,6,NA,24,4,NA,NA,142
31109003709,NA,NA,18,NA,26,NA,4,4,4,5,NA,8,NA,NA,NA,21,61,NA,8,4,NA,67,12,4,NA,246
31109003713,NA,NA,NA,NA,4,NA,5,NA,NA,4,NA,8,NA,NA,4,9,9,7,20,NA,NA,66,4,4,NA,144
31109003714,NA,NA,7,NA,14,NA,4,NA,NA,4,4,NA,NA,NA,4,13,35,NA,17,NA,4,79,12,NA,NA,197
31109003715,NA,NA,4,NA,8,NA,4,4,NA,4,4,4,NA,NA,NA,6,28,NA,4,4,4,17,12,NA,NA,107
31109003716,NA,4,9,NA,19,4,NA,4,4,11,NA,NA,4,NA,NA,4,106,NA,8,4,4,26,15,NA,NA,226
31109003717,NA,19,NA,NA,4,4,9,NA,5,NA,4,179,9,4,21,4,4,54,5,14,13,38,NA,NA,NA,390
31109003718,NA,NA,6,NA,4,NA,16,NA,NA,NA,NA,18,NA,NA,10,4,4,13,45,5,9,57,NA,NA,NA,191
31109003719,NA,4,7,NA,NA,NA,10,4,4,NA,4,9,NA,NA,4,14,6,NA,82,4,NA,218,NA,4,NA,374
31109003720,NA,NA,10,NA,5,NA,NA,7,NA,13,NA,6,NA,4,NA,7,110,NA,24,4,4,89,34,NA,NA,317
31109003801,NA,12,NA,NA,NA,NA,5,4,NA,NA,14,36,4,4,16,4,6,4,33,4,19,44,NA,NA,NA,209
31109003802,NA,24,NA,4,NA,NA,4,NA,NA,NA,14,45,NA,NA,14,NA,4,12,18,6,35,37,NA,NA,NA,217
31109010100,NA,14,NA,22,NA,NA,10,NA,13,NA,7,232,29,11,33,NA,9,34,10,66,10,40,NA,4,214,758
31109010201,NA,4,4,31,NA,NA,NA,NA,162,NA,7,33,6,11,6,NA,17,NA,4,112,NA,7,NA,4,NA,408
31109010202,NA,4,4,29,NA,NA,NA,NA,165,NA,7,25,NA,7,4,NA,23,4,4,74,NA,13,NA,11,NA,374
31109010300,67,4,8,NA,12,NA,5,4,5,4,4,NA,NA,4,NA,5,83,NA,4,7,NA,36,7,33,NA,292
31109010400,14,4,12,4,13,NA,NA,NA,4,4,4,14,NA,NA,6,23,77,6,41,5,9,268,NA,4,NA,512
31111959700,NA,NA,NA,NA,NA,NA,NA,NA,NA,NA,NA,NA,NA,NA,NA,NA,NA,NA,NA,NA,NA,4,NA,NA,NA,4
31111959800,NA,NA,NA,NA,NA,NA,NA,NA,NA,NA,NA,NA,NA,NA,NA,NA,NA,NA,NA,4,NA,4,NA,NA,NA,8
31119960700,NA,NA,NA,NA,NA,NA,NA,NA,NA,NA,NA,NA,NA,NA,NA,NA,NA,NA,NA,NA,NA,NA,NA,NA,4,4
31119960801,NA,NA,NA,NA,NA,NA,NA,NA,NA,NA,NA,NA,4,NA,NA,NA,NA,NA,NA,NA,NA,NA,NA,NA,NA,4
31119961000,NA,NA,NA,NA,NA,NA,NA,NA,4,NA,NA,NA,NA,NA,NA,NA,NA,NA,NA,NA,NA,NA,NA,NA,NA,4
31119961100,NA,4,NA,NA,NA,NA,NA,NA,4,NA,NA,NA,NA,NA,NA,6,NA,NA,NA,NA,NA,NA,NA,NA,NA,14
31121966700,NA,NA,NA,NA,NA,NA,NA,NA,NA,NA,NA,NA,NA,NA,NA,NA,NA,NA,NA,NA,NA,4,NA,4,NA,8
31127968100,NA,NA,NA,NA,NA,NA,NA,NA,NA,NA,NA,4,NA,NA,5,NA,NA,NA,NA,NA,NA,21,NA,NA,NA,30
31127968200,NA,NA,4,NA,NA,NA,NA,NA,NA,NA,NA,NA,NA,NA,4,NA,NA,NA,NA,NA,NA,13,NA,NA,NA,21
31129960000,4,NA,NA,NA,NA,NA,NA,NA,NA,NA,4,NA,NA,NA,NA,NA,NA,NA,NA,NA,NA,6,NA,NA,NA,14
31131966600,NA,NA,4,NA,NA,NA,NA,NA,NA,NA,NA,4,NA,NA,NA,NA,NA,NA,NA,NA,NA,14,4,NA,NA,26
31131966700,4,NA,4,NA,NA,NA,NA,4,NA,NA,4,6,NA,4,4,6,8,NA,9,4,NA,70,NA,NA,NA,127
31131966800,NA,4,5,NA,4,NA,NA,NA,NA,NA,4,13,4,4,8,11,9,4,19,4,NA,102,4,NA,4,203
31131966900,NA,NA,NA,NA,NA,4,NA,NA,NA,NA,NA,4,NA,NA,NA,NA,NA,NA,4,NA,NA,14,NA,NA,NA,26
31131967000,NA,NA,NA,NA,NA,NA,NA,NA,NA,NA,NA,NA,NA,NA,NA,NA,NA,NA,NA,NA,NA,8,NA,NA,NA,8
31133967800,NA,NA,NA,NA,NA,NA,NA,NA,NA,NA,4,4,NA,NA,NA,NA,NA,NA,4,6,NA,19,NA,NA,NA,37
31137967200,4,NA,NA,NA,NA,NA,NA,NA,NA,NA,NA,NA,NA,NA,NA,NA,NA,NA,NA,NA,NA,NA,NA,NA,NA,4
31139979200,4,NA,NA,NA,NA,NA,NA,NA,NA,NA,NA,NA,NA,NA,NA,NA,NA,NA,NA,NA,NA,NA,NA,NA,NA,4
31141965600,NA,NA,NA,NA,NA,NA,NA,NA,NA,NA,NA,NA,NA,NA,NA,NA,NA,NA,NA,4,NA,NA,NA,NA,NA,4
31143960100,NA,NA,NA,NA,NA,NA,NA,NA,NA,NA,NA,NA,NA,NA,NA,NA,4,NA,NA,5,NA,NA,NA,NA,NA,9
31147964500,NA,NA,NA,NA,NA,NA,NA,NA,NA,NA,NA,NA,NA,NA,NA,NA,NA,4,NA,NA,NA,NA,NA,NA,NA,4
31147968500,NA,4,NA,NA,NA,NA,5,NA,NA,NA,NA,NA,NA,NA,NA,NA,NA,NA,4,4,4,15,NA,NA,NA,36
31147968600,NA,NA,NA,NA,NA,NA,NA,NA,NA,NA,NA,NA,NA,NA,NA,NA,NA,NA,NA,4,NA,NA,NA,NA,NA,4
31151960600,235,NA,NA,NA,NA,NA,NA,NA,7,NA,NA,4,NA,NA,4,NA,32,NA,4,14,NA,9,10,NA,NA,319
31151960700,63,NA,NA,NA,NA,NA,NA,NA,NA,NA,NA,NA,NA,NA,NA,NA,NA,NA,NA,4,NA,4,NA,NA,NA,71
31151960800,28,NA,NA,NA,NA,NA,NA,NA,NA,NA,NA,NA,NA,NA,NA,NA,NA,NA,NA,NA,NA,4,NA,NA,NA,32
31151960900,116,NA,NA,NA,4,NA,NA,NA,NA,NA,NA,NA,NA,NA,NA,NA,17,NA,NA,NA,NA,11,4,NA,NA,152
31153010204,NA,NA,NA,NA,NA,NA,NA,NA,NA,4,NA,NA,NA,NA,NA,NA,NA,NA,NA,NA,NA,NA,NA,NA,NA,4
31153010207,NA,NA,NA,NA,NA,NA,NA,NA,NA,NA,NA,4,NA,NA,NA,NA,NA,NA,NA,NA,NA,NA,NA,NA,NA,4
31153010208,NA,NA,NA,NA,NA,NA,NA,NA,NA,NA,NA,5,NA,NA,NA,NA,NA,NA,NA,NA,NA,NA,NA,NA,NA,5
31153010616,NA,NA,NA,NA,NA,NA,NA,NA,NA,NA,NA,NA,NA,NA,NA,NA,NA,NA,NA,6,NA,NA,NA,NA,NA,6
31153010618,NA,NA,NA,NA,NA,NA,NA,NA,NA,NA,NA,NA,NA,NA,NA,NA,4,NA,NA,NA,NA,NA,NA,NA,NA,4
31153010620,NA,NA,NA,NA,NA,NA,NA,NA,NA,NA,NA,4,NA,NA,NA,NA,NA,NA,4,NA,NA,NA,NA,NA,NA,8
31153010621,NA,4,4,NA,NA,NA,NA,NA,NA,NA,NA,NA,NA,4,NA,4,NA,NA,NA,NA,NA,NA,NA,NA,NA,16
31153010624,NA,NA,NA,NA,NA,NA,NA,NA,NA,NA,NA,4,NA,NA,NA,NA,NA,NA,NA,NA,NA,4,NA,NA,NA,8
31153010626,NA,NA,NA,NA,4,NA,NA,NA,NA,NA,NA,NA,NA,NA,NA,NA,NA,NA,NA,NA,NA,NA,NA,NA,NA,4
31153010628,NA,NA,NA,NA,NA,NA,4,NA,NA,NA,NA,NA,NA,NA,NA,NA,NA,NA,NA,4,NA,4,NA,NA,NA,12
31153010630,NA,NA,NA,NA,NA,NA,NA,NA,NA,NA,NA,4,NA,NA,NA,NA,NA,NA,NA,NA,NA,NA,NA,NA,NA,4
31153010631,NA,NA,NA,NA,NA,NA,4,NA,NA,NA,NA,NA,NA,NA,NA,NA,NA,NA,NA,4,NA,NA,NA,NA,4,12
31153010632,NA,NA,NA,NA,NA,NA,NA,NA,NA,NA,NA,4,NA,NA,4,NA,NA,NA,NA,4,NA,7,NA,NA,NA,19
31153010634,NA,NA,NA,NA,NA,NA,NA,NA,NA,NA,NA,NA,NA,NA,NA,NA,NA,NA,NA,4,NA,NA,NA,NA,NA,4
31153010701,NA,NA,NA,NA,NA,NA,NA,NA,NA,NA,NA,NA,NA,4,NA,NA,NA,NA,NA,NA,NA,NA,NA,NA,NA,4
31153010702,NA,NA,NA,NA,NA,NA,NA,NA,NA,NA,4,NA,NA,NA,NA,NA,NA,NA,NA,NA,NA,NA,NA,NA,NA,4
31155968100,NA,NA,NA,NA,NA,NA,NA,NA,NA,NA,NA,NA,NA,NA,NA,NA,NA,NA,NA,4,NA,NA,NA,NA,NA,4
31155968200,NA,4,4,16,NA,NA,4,NA,38,NA,4,41,11,10,NA,NA,12,4,NA,65,NA,10,NA,5,NA,228
31155968300,NA,NA,4,5,NA,NA,NA,NA,5,NA,4,22,NA,NA,NA,NA,4,NA,NA,13,NA,7,NA,NA,NA,64
31155968400,NA,NA,NA,4,NA,NA,NA,NA,NA,NA,NA,8,NA,NA,NA,NA,NA,NA,NA,13,NA,NA,NA,NA,4,29
31155968500,NA,4,NA,5,NA,NA,NA,NA,NA,NA,NA,25,NA,NA,NA,NA,4,4,NA,18,4,4,NA,4,4,76
31159960100,NA,NA,5,5,NA,NA,NA,NA,68,NA,NA,4,NA,NA,NA,NA,9,NA,NA,22,NA,11,NA,4,NA,128
31159960200,NA,NA,NA,4,NA,NA,4,NA,15,NA,NA,NA,NA,NA,NA,NA,4,NA,NA,4,NA,4,NA,NA,NA,35
31159960300,4,NA,NA,NA,4,NA,4,4,40,NA,4,4,NA,4,NA,NA,5,NA,NA,14,NA,4,NA,NA,NA,91
31159960400,51,4,11,9,4,NA,NA,NA,11,NA,10,5,NA,11,8,NA,32,NA,NA,27,NA,17,4,15,NA,219
31167962100,NA,NA,NA,NA,NA,NA,NA,NA,NA,NA,NA,NA,NA,NA,NA,NA,NA,NA,NA,NA,NA,4,NA,NA,NA,4
31167962200,4,NA,NA,NA,NA,NA,NA,NA,NA,NA,NA,NA,NA,NA,NA,NA,NA,NA,NA,NA,NA,NA,NA,NA,NA,4
31169963100,NA,NA,NA,NA,NA,NA,NA,NA,NA,NA,NA,NA,NA,NA,NA,NA,NA,NA,NA,4,NA,NA,NA,NA,NA,4
31169963200,4,NA,NA,NA,NA,NA,NA,NA,NA,NA,NA,NA,NA,NA,NA,NA,NA,NA,NA,NA,NA,NA,NA,NA,NA,4
31177050101,NA,4,NA,NA,NA,NA,NA,NA,NA,NA,NA,NA,NA,NA,NA,NA,NA,NA,NA,NA,NA,NA,NA,NA,NA,4
31179978600,NA,NA,NA,NA,NA,NA,NA,NA,NA,4,NA,NA,NA,NA,NA,NA,NA,NA,NA,NA,NA,NA,NA,NA,NA,4
31185969600,NA,NA,NA,NA,NA,NA,NA,NA,NA,NA,NA,NA,NA,NA,NA,NA,NA,NA,NA,4,NA,4,NA,NA,NA,8
31185969700,NA,NA,NA,NA,NA,NA,NA,NA,NA,NA,NA,NA,NA,NA,4,NA,NA,NA,NA,4,NA,NA,NA,NA,NA,8
31185969800,4,NA,NA,4,NA,NA,4,NA,NA,NA,NA,NA,NA,NA,NA,NA,4,NA,NA,4,4,4,NA,NA,NA,28
31185969900,NA,NA,NA,NA,NA,NA,NA,NA,NA,NA,NA,NA,NA,NA,NA,NA,NA,NA,NA,NA,NA,NA,NA,4,NA,4
34011010101,4,NA,NA,NA,NA,NA,NA,NA,NA,NA,NA,NA,NA,NA,NA,NA,NA,NA,NA,NA,NA,NA,NA,NA,NA,4
34023007908,NA,NA,NA,NA,NA,NA,NA,NA,NA,NA,NA,NA,NA,NA,NA,NA,NA,NA,NA,4,NA,NA,NA,NA,NA,4
37017950300,4,NA,NA,NA,NA,NA,NA,NA,NA,NA,NA,NA,NA,NA,NA,NA,NA,NA,NA,NA,NA,NA,NA,NA,NA,4
37081015500,NA,NA,NA,NA,NA,NA,NA,NA,NA,NA,NA,NA,NA,NA,NA,NA,NA,NA,NA,4,NA,NA,NA,NA,NA,4
37119005605,4,NA,NA,NA,NA,NA,NA,NA,NA,NA,NA,NA,NA,NA,NA,NA,NA,NA,NA,NA,NA,NA,NA,NA,NA,4
39009972900,NA,NA,NA,NA,NA,NA,NA,NA,NA,NA,4,NA,NA,NA,NA,NA,NA,NA,NA,NA,NA,NA,NA,NA,NA,4
39061024002,NA,NA,NA,NA,NA,NA,NA,NA,NA,NA,NA,NA,NA,NA,NA,NA,NA,NA,NA,4,NA,NA,NA,NA,NA,4
39093024000,NA,NA,NA,NA,NA,NA,NA,NA,NA,NA,NA,NA,NA,NA,NA,NA,NA,NA,NA,4,NA,NA,NA,NA,NA,4
39169002000,NA,NA,NA,NA,NA,NA,NA,NA,NA,NA,NA,6,NA,NA,NA,NA,NA,NA,NA,NA,NA,NA,NA,NA,NA,6
